{
  "project_info": {
    "project_number": "828085216456",
    "firebase_url": "https://my-smart-society-app-299111-default-rtdb.firebaseio.com",
    "project_id": "my-smart-society-app-299111",
    "storage_bucket": "my-smart-society-app-299111.appspot.com"
  },
  "client": [
    {
      "client_info": {
        "mobilesdk_app_id": "1:828085216456:android:37eff1ba75216dc61631fd",
        "android_client_info": {
          "package_name": "com.example.mysmartsociety"
        }
      },
      "oauth_client": [
        {
          "client_id": "828085216456-hp6arr8ropjkvf75d5h6gg9bh88i7sd4.apps.googleusercontent.com",
          "client_type": 1,
          "android_info": {
            "package_name": "com.example.mysmartsociety",
            "certificate_hash": "7aa52e8156e7a9de69e399dabaa8954420d28c3b"
          }
        },
        {
          "client_id": "828085216456-jbisq2crrjpfnvs4abi7ddq8osqa1baa.apps.googleusercontent.com",
          "client_type": 3
        }
      ],
      "api_key": [
        {
          "current_key": "AIzaSyBFX2qEmVLMHQf6kg29Wh-ddjLiNB-NdHA"
        }
      ],
      "services": {
        "appinvite_service": {
          "other_platform_oauth_client": [
            {
              "client_id": "828085216456-jbisq2crrjpfnvs4abi7ddq8osqa1baa.apps.googleusercontent.com",
              "client_type": 3
            }
          ]
        }
      }
    }
  ],
  "configuration_version": "1"
}